SKU,Week_Start,Units_Sold,Revenue,Seasonal_Naive_Forecast,Year,Month,Quarter,Week_Number,Lag_1,Lag_2,Lag_4,Lag_8,Lag_12,Lag_52,Rolling_Mean_4,Rolling_Mean_8,Rolling_Mean_12,Average_Price,Promotion,Model_Forecast
SKU001,2025-11-10,87,318772.35,80.0,2025,11,4,46,92.0,93.0,82.0,88.0,91.0,80.0,86.25,85.5,87.75,3664.05,1,86.25
SKU001,2025-11-17,84,307780.2,88.0,2025,11,4,47,87.0,92.0,78.0,86.0,97.0,88.0,87.5,85.375,87.41666666666667,3664.05,1,87.5
SKU001,2025-11-24,84,307780.2,68.0,2025,11,4,48,84.0,87.0,93.0,83.0,88.0,68.0,89.0,85.125,86.33333333333333,3664.05,1,89.0
SKU001,2025-12-01,88,322436.4,83.0,2025,12,4,49,84.0,84.0,92.0,82.0,93.0,83.0,86.75,85.25,86.0,3664.05,0,86.75
SKU001,2025-12-08,89,326100.45,94.0,2025,12,4,50,88.0,84.0,87.0,82.0,88.0,94.0,85.75,86.0,85.58333333333333,3664.05,0,85.75
SKU001,2025-12-15,91,333428.55,77.0,2025,12,4,51,89.0,88.0,84.0,78.0,86.0,77.0,86.25,86.875,85.66666666666667,3664.05,0,86.25
SKU001,2025-12-22,76,278467.8,105.0,2025,12,4,52,91.0,89.0,84.0,93.0,83.0,105.0,88.0,88.5,86.08333333333333,3664.05,0,88.0
SKU001,2025-12-29,37,135569.85,78.0,2025,12,4,1,76.0,91.0,88.0,92.0,82.0,78.0,86.0,86.375,85.5,3664.0500000000006,0,86.0
SKU002,2025-11-10,60,228341.4,67.0,2025,11,4,46,72.0,70.0,59.0,79.0,70.0,67.0,63.0,63.75,65.5,3805.69,1,63.0
SKU002,2025-11-17,64,243564.16,66.0,2025,11,4,47,60.0,72.0,51.0,60.0,79.0,66.0,63.25,61.375,64.66666666666667,3805.69,1,63.25
SKU002,2025-11-24,66,251175.54,57.0,2025,11,4,48,64.0,60.0,70.0,63.0,62.0,57.0,66.5,61.875,63.416666666666664,3805.69,1,66.5
SKU002,2025-12-01,51,194090.19,66.0,2025,12,4,49,66.0,64.0,72.0,56.0,65.0,66.0,65.5,62.25,63.75,3805.69,0,65.5
SKU002,2025-12-08,55,209312.95,57.0,2025,12,4,50,51.0,66.0,60.0,59.0,79.0,57.0,60.25,61.625,62.583333333333336,3805.69,0,60.25
SKU002,2025-12-15,55,209312.95,59.0,2025,12,4,51,55.0,51.0,64.0,51.0,60.0,59.0,59.0,61.125,60.583333333333336,3805.69,0,59.0
SKU002,2025-12-22,51,194090.19,65.0,2025,12,4,52,55.0,55.0,66.0,70.0,63.0,65.0,56.75,61.625,60.166666666666664,3805.69,0,56.75
SKU002,2025-12-29,27,102753.63,70.0,2025,12,4,1,51.0,55.0,51.0,72.0,56.0,70.0,53.0,59.25,59.166666666666664,3805.69,0,53.0
SKU003,2025-11-10,37,298894.51,38.0,2025,11,4,46,39.0,41.0,26.0,39.0,34.0,38.0,35.0,37.125,36.166666666666664,8078.2300000000005,1,35.0
SKU003,2025-11-17,41,331207.43,39.0,2025,11,4,47,37.0,39.0,34.0,42.0,27.0,39.0,37.75,36.875,36.416666666666664,8078.2300000000005,1,37.75
SKU003,2025-11-24,29,234268.67,36.0,2025,11,4,48,41.0,37.0,41.0,43.0,34.0,36.0,39.5,36.75,37.583333333333336,8078.2300000000005,1,39.5
SKU003,2025-12-01,38,306972.74,38.0,2025,12,4,49,29.0,41.0,39.0,33.0,42.0,38.0,36.5,35.0,37.166666666666664,8078.2300000000005,0,36.5
SKU003,2025-12-08,33,266581.59,23.0,2025,12,4,50,38.0,29.0,37.0,26.0,39.0,23.0,36.25,35.625,36.833333333333336,8078.2300000000005,0,36.25
SKU003,2025-12-15,23,185799.29,48.0,2025,12,4,51,33.0,38.0,41.0,34.0,42.0,48.0,35.25,36.5,36.333333333333336,8078.2300000000005,0,35.25
SKU003,2025-12-22,34,274659.82,30.0,2025,12,4,52,23.0,33.0,29.0,41.0,43.0,30.0,30.75,35.125,34.75,8078.2300000000005,0,30.75
SKU003,2025-12-29,17,137329.91,32.0,2025,12,4,1,34.0,23.0,38.0,39.0,33.0,32.0,32.0,34.25,34.0,8078.23,0,32.0
SKU004,2025-11-10,31,212708.67,26.0,2025,11,4,46,27.0,32.0,24.0,26.0,18.0,26.0,26.75,26.5,27.75,6861.57,1,26.75
SKU004,2025-11-17,28,192123.96,19.0,2025,11,4,47,31.0,27.0,24.0,28.0,36.0,19.0,28.5,27.125,28.833333333333332,6861.57,1,28.5
SKU004,2025-11-24,22,150954.53999999998,24.0,2025,11,4,48,28.0,31.0,32.0,23.0,38.0,24.0,29.5,27.125,28.166666666666668,6861.57,1,29.5
SKU004,2025-12-01,28,192123.96,30.0,2025,12,4,49,22.0,28.0,27.0,28.0,29.0,30.0,27.0,27.0,26.833333333333332,6861.57,0,27.0
SKU004,2025-12-08,39,267601.23,33.0,2025,12,4,50,28.0,22.0,31.0,24.0,26.0,33.0,27.25,27.0,26.75,6861.57,0,27.25
SKU004,2025-12-15,38,260739.66,27.0,2025,12,4,51,39.0,28.0,28.0,24.0,28.0,27.0,29.25,28.875,27.833333333333332,6861.57,0,29.25
SKU004,2025-12-22,30,205847.1,28.0,2025,12,4,52,38.0,39.0,22.0,32.0,23.0,28.0,31.75,30.625,28.666666666666668,6861.57,0,31.75
SKU004,2025-12-29,6,41169.42,37.0,2025,12,4,1,30.0,38.0,28.0,27.0,28.0,37.0,33.75,30.375,29.25,6861.57,0,33.75
SKU005,2025-11-10,102,968308.44,123.0,2025,11,4,46,114.0,104.0,105.0,89.0,95.0,123.0,105.25,102.75,100.33333333333333,9493.22,1,105.25
SKU005,2025-11-17,115,1091720.3,104.0,2025,11,4,47,102.0,114.0,98.0,108.0,96.0,104.0,104.5,104.375,100.91666666666667,9493.22,1,104.5
SKU005,2025-11-24,100,949322.0,79.0,2025,11,4,48,115.0,102.0,104.0,97.0,95.0,79.0,108.75,105.25,102.5,9493.22,1,108.75
SKU005,2025-12-01,96,911349.12,95.0,2025,12,4,49,100.0,115.0,114.0,107.0,96.0,95.0,107.75,105.625,102.91666666666667,9493.22,0,107.75
SKU005,2025-12-08,103,977801.66,107.0,2025,12,4,50,96.0,100.0,102.0,105.0,89.0,107.0,103.25,104.25,102.91666666666667,9493.22,0,103.25
SKU005,2025-12-15,100,949322.0,110.0,2025,12,4,51,103.0,96.0,115.0,98.0,108.0,110.0,103.5,104.0,104.08333333333333,9493.22,0,103.5
SKU005,2025-12-22,108,1025267.76,106.0,2025,12,4,52,100.0,103.0,100.0,104.0,97.0,106.0,99.75,104.25,103.41666666666667,9493.22,0,99.75
SKU005,2025-12-29,50,474661.0,111.0,2025,12,4,1,108.0,100.0,96.0,114.0,107.0,111.0,101.75,104.75,104.33333333333333,9493.22,0,101.75
SKU006,2025-11-10,31,251287.24,28.0,2025,11,4,46,39.0,36.0,29.0,45.0,42.0,28.0,34.5,39.0,39.416666666666664,8106.04,1,34.5
SKU006,2025-11-17,45,364771.8,41.0,2025,11,4,47,31.0,39.0,34.0,48.0,36.0,41.0,35.0,37.25,38.5,8106.04,1,35.0
SKU006,2025-11-24,40,324241.6,44.0,2025,11,4,48,45.0,31.0,36.0,43.0,43.0,44.0,37.75,36.875,39.25,8106.04,1,37.75
SKU006,2025-12-01,37,299923.48,44.0,2025,12,4,49,40.0,45.0,39.0,38.0,40.0,44.0,38.75,36.5,39.0,8106.04,0,38.75
SKU006,2025-12-08,41,332347.64,34.0,2025,12,4,50,37.0,40.0,31.0,29.0,45.0,34.0,38.25,36.375,38.75,8106.04,0,38.25
SKU006,2025-12-15,41,332347.64,44.0,2025,12,4,51,41.0,37.0,45.0,34.0,48.0,44.0,40.75,37.875,38.416666666666664,8106.04,0,40.75
SKU006,2025-12-22,43,348559.72,48.0,2025,12,4,52,41.0,41.0,40.0,36.0,43.0,48.0,39.75,38.75,37.833333333333336,8106.04,0,39.75
SKU006,2025-12-29,20,162120.8,45.0,2025,12,4,1,43.0,41.0,37.0,39.0,38.0,45.0,40.5,39.625,37.833333333333336,8106.04,0,40.5
SKU007,2025-11-10,131,669945.79,159.0,2025,11,4,46,142.0,152.0,158.0,162.0,146.0,159.0,145.75,149.25,151.25,5114.090000000001,1,145.75
SKU007,2025-11-17,157,802912.13,167.0,2025,11,4,47,131.0,142.0,131.0,171.0,170.0,167.0,139.0,145.375,150.0,5114.090000000001,1,139.0
SKU007,2025-11-24,181,925650.29,132.0,2025,11,4,48,157.0,131.0,152.0,129.0,152.0,132.0,145.5,143.625,148.91666666666666,5114.090000000001,1,145.5
SKU007,2025-12-01,145,741543.05,148.0,2025,12,4,49,181.0,157.0,142.0,149.0,153.0,148.0,152.75,150.125,151.33333333333334,5114.090000000001,0,152.75
SKU007,2025-12-08,154,787569.86,137.0,2025,12,4,50,145.0,181.0,131.0,158.0,162.0,137.0,153.5,149.625,150.66666666666666,5114.090000000001,0,153.5
SKU007,2025-12-15,149,761999.41,167.0,2025,12,4,51,154.0,145.0,157.0,131.0,171.0,167.0,159.25,149.125,150.0,5114.090000000001,0,159.25
SKU007,2025-12-22,161,823368.49,147.0,2025,12,4,52,149.0,154.0,181.0,152.0,129.0,147.0,157.25,151.375,148.16666666666666,5114.090000000001,0,157.25
SKU007,2025-12-29,68,347758.12,175.0,2025,12,4,1,161.0,149.0,145.0,142.0,149.0,175.0,152.25,152.5,150.83333333333334,5114.09,0,152.25
SKU008,2025-11-10,94,925208.16,106.0,2025,11,4,46,112.0,100.0,115.0,87.0,89.0,106.0,102.0,96.75,95.5,9842.64,1,102.0
SKU008,2025-11-17,91,895680.24,88.0,2025,11,4,47,94.0,112.0,81.0,93.0,101.0,88.0,96.75,97.625,95.91666666666667,9842.64,1,96.75
SKU008,2025-11-24,117,1151588.88,108.0,2025,11,4,48,91.0,94.0,100.0,98.0,92.0,108.0,99.25,97.375,95.08333333333333,9842.64,1,99.25
SKU008,2025-12-01,97,954736.08,109.0,2025,12,4,49,117.0,91.0,112.0,88.0,90.0,109.0,103.5,99.75,97.16666666666667,9842.64,0,103.5
SKU008,2025-12-08,112,1102375.68,104.0,2025,12,4,50,97.0,117.0,94.0,115.0,87.0,104.0,99.75,100.875,97.75,9842.64,0,99.75
SKU008,2025-12-15,100,984264.0,82.0,2025,12,4,51,112.0,97.0,91.0,81.0,93.0,82.0,104.25,100.5,99.83333333333333,9842.64,0,104.25
SKU008,2025-12-22,105,1033477.2,97.0,2025,12,4,52,100.0,112.0,117.0,100.0,98.0,97.0,106.5,102.875,100.41666666666667,9842.64,0,106.5
SKU008,2025-12-29,36,354335.04,103.0,2025,12,4,1,105.0,100.0,97.0,112.0,88.0,103.0,103.5,103.5,101.0,9842.64,0,103.5
SKU009,2025-11-10,62,144887.18,67.0,2025,11,4,46,55.0,78.0,63.0,70.0,69.0,67.0,62.0,62.0,65.41666666666667,2336.89,1,62.0
SKU009,2025-11-17,63,147224.07,60.0,2025,11,4,47,62.0,55.0,52.0,69.0,62.0,60.0,61.75,61.0,64.83333333333333,2336.89,1,61.75
SKU009,2025-11-24,66,154234.74,52.0,2025,11,4,48,63.0,62.0,78.0,58.0,71.0,52.0,64.5,60.25,64.91666666666667,2336.89,1,64.5
SKU009,2025-12-01,77,179940.53,55.0,2025,12,4,49,66.0,63.0,55.0,51.0,87.0,55.0,61.5,61.25,64.5,2336.89,0,61.5
SKU009,2025-12-08,82,191624.98,71.0,2025,12,4,50,77.0,66.0,62.0,63.0,70.0,71.0,67.0,64.5,63.666666666666664,2336.89,0,67.0
SKU009,2025-12-15,69,161245.41,76.0,2025,12,4,51,82.0,77.0,63.0,52.0,69.0,76.0,72.0,66.875,64.66666666666667,2336.89,0,72.0
SKU009,2025-12-22,77,179940.53,68.0,2025,12,4,52,69.0,82.0,66.0,78.0,58.0,68.0,73.5,69.0,64.66666666666667,2336.89,0,73.5
SKU009,2025-12-29,21,49074.69,66.0,2025,12,4,1,77.0,69.0,77.0,55.0,51.0,66.0,76.25,68.875,66.25,2336.89,0,76.25
SKU010,2025-11-10,105,69663.3,113.0,2025,11,4,46,91.0,120.0,96.0,114.0,100.0,113.0,98.25,96.125,98.25,663.46,1,98.25
SKU010,2025-11-17,102,67672.92,121.0,2025,11,4,47,105.0,91.0,86.0,100.0,114.0,121.0,100.5,95.0,98.66666666666667,663.46,1,100.5
SKU010,2025-11-24,104,68999.84,93.0,2025,11,4,48,102.0,105.0,120.0,79.0,104.0,93.0,104.5,95.25,97.66666666666667,663.46,1,104.5
SKU010,2025-12-01,126,83595.96,99.0,2025,12,4,49,104.0,102.0,91.0,83.0,92.0,99.0,100.5,98.375,97.66666666666667,663.46,0,100.5
SKU010,2025-12-08,108,71653.68000000001,106.0,2025,12,4,50,126.0,104.0,105.0,96.0,114.0,106.0,109.25,103.75,100.5,663.46,0,109.25
SKU010,2025-12-15,102,67672.92,109.0,2025,12,4,51,108.0,126.0,102.0,86.0,100.0,109.0,110.0,105.25,100.0,663.46,0,110.0
SKU010,2025-12-22,102,67672.92,109.0,2025,12,4,52,102.0,108.0,104.0,120.0,79.0,109.0,110.0,107.25,100.16666666666667,663.46,0,110.0
SKU010,2025-12-29,47,31182.620000000003,116.0,2025,12,4,1,102.0,102.0,126.0,91.0,83.0,116.0,109.5,105.0,102.08333333333333,663.46,0,109.5
SKU011,2025-11-10,25,36114.0,16.0,2025,11,4,46,19.0,19.0,11.0,16.0,24.0,16.0,16.75,17.25,17.083333333333332,1444.56,1,16.75
SKU011,2025-11-17,9,13001.04,25.0,2025,11,4,47,25.0,19.0,18.0,11.0,11.0,25.0,20.25,18.375,17.166666666666668,1444.56,1,20.25
SKU011,2025-11-24,15,21668.4,22.0,2025,11,4,48,9.0,25.0,19.0,28.0,16.0,22.0,18.0,18.125,17.0,1444.56,1,18.0
SKU011,2025-12-01,17,24557.52,25.0,2025,12,4,49,15.0,9.0,19.0,16.0,16.0,25.0,17.0,16.5,16.916666666666668,1444.56,0,17.0
SKU011,2025-12-08,23,33224.880000000005,15.0,2025,12,4,50,17.0,15.0,25.0,11.0,16.0,15.0,16.5,16.625,17.0,1444.56,0,16.5
SKU011,2025-12-15,18,26002.08,20.0,2025,12,4,51,23.0,17.0,9.0,18.0,11.0,20.0,16.0,18.125,17.583333333333332,1444.56,0,16.0
SKU011,2025-12-22,22,31780.32,17.0,2025,12,4,52,18.0,23.0,15.0,19.0,28.0,17.0,18.25,18.125,18.166666666666668,1444.56,0,18.25
SKU011,2025-12-29,3,4333.68,17.0,2025,12,4,1,22.0,18.0,17.0,19.0,16.0,17.0,20.0,18.5,17.666666666666668,1444.5600000000002,0,20.0
SKU012,2025-11-10,163,1431037.31,179.0,2025,11,4,46,155.0,151.0,128.0,171.0,178.0,179.0,143.75,146.5,155.08333333333334,8779.37,1,143.75
SKU012,2025-11-17,155,1360802.35,177.0,2025,11,4,47,163.0,155.0,141.0,150.0,171.0,177.0,152.5,145.5,153.83333333333334,8779.37,1,152.5
SKU012,2025-11-24,161,1413478.5699999998,170.0,2025,11,4,48,155.0,163.0,151.0,136.0,180.0,170.0,156.0,146.125,152.5,8779.37,1,156.0
SKU012,2025-12-01,167,1466154.79,147.0,2025,12,4,49,161.0,155.0,155.0,140.0,160.0,147.0,158.5,149.25,150.91666666666666,8779.37,0,158.5
SKU012,2025-12-08,155,1360802.35,184.0,2025,12,4,50,167.0,161.0,163.0,128.0,171.0,184.0,161.5,152.625,151.5,8779.37,0,161.5
SKU012,2025-12-15,171,1501272.27,161.0,2025,12,4,51,155.0,167.0,155.0,141.0,150.0,161.0,159.5,156.0,150.16666666666666,8779.37,0,159.5
SKU012,2025-12-22,150,1316905.5,161.0,2025,12,4,52,171.0,155.0,161.0,151.0,136.0,161.0,163.5,159.75,151.91666666666666,8779.37,0,163.5
SKU012,2025-12-29,71,623335.27,161.0,2025,12,4,1,150.0,171.0,167.0,155.0,140.0,161.0,160.75,159.625,153.08333333333334,8779.37,0,160.75
SKU013,2025-11-10,89,512442.42,96.0,2025,11,4,46,84.0,79.0,61.0,82.0,96.0,96.0,73.25,80.0,85.33333333333333,5757.78,1,73.25
SKU013,2025-11-17,80,460622.4,101.0,2025,11,4,47,89.0,84.0,69.0,82.0,84.0,101.0,80.25,80.875,84.75,5757.78,1,80.25
SKU013,2025-11-24,95,546989.1,81.0,2025,11,4,48,80.0,89.0,79.0,96.0,99.0,81.0,83.0,80.625,84.41666666666667,5757.78,1,83.0
SKU013,2025-12-01,78,449106.84,95.0,2025,12,4,49,95.0,80.0,84.0,87.0,105.0,95.0,87.0,80.5,84.08333333333333,5757.78,0,87.0
SKU013,2025-12-08,107,616082.46,94.0,2025,12,4,50,78.0,95.0,89.0,61.0,82.0,94.0,85.5,79.375,81.83333333333333,5757.78,0,85.5
SKU013,2025-12-15,96,552746.88,84.0,2025,12,4,51,107.0,78.0,80.0,69.0,82.0,84.0,90.0,85.125,83.91666666666667,5757.78,0,90.0
SKU013,2025-12-22,71,408802.38,83.0,2025,12,4,52,96.0,107.0,95.0,79.0,96.0,83.0,94.0,88.5,85.08333333333333,5757.78,0,94.0
SKU013,2025-12-29,27,155460.06,82.0,2025,12,4,1,71.0,96.0,78.0,84.0,87.0,82.0,88.0,87.5,83.0,5757.78,0,88.0
SKU014,2025-11-10,130,295197.5,124.0,2025,11,4,46,117.0,127.0,120.0,140.0,131.0,124.0,124.25,126.75,131.66666666666666,2270.75,1,124.25
SKU014,2025-11-17,130,295197.5,152.0,2025,11,4,47,130.0,117.0,133.0,132.0,157.0,152.0,126.75,125.5,131.58333333333334,2270.75,1,126.75
SKU014,2025-11-24,151,342883.25,142.0,2025,11,4,48,130.0,130.0,127.0,123.0,127.0,142.0,126.0,125.25,129.33333333333334,2270.75,1,126.0
SKU014,2025-12-01,124,281573.0,128.0,2025,12,4,49,151.0,130.0,117.0,122.0,151.0,128.0,132.0,128.75,131.33333333333334,2270.75,0,132.0
SKU014,2025-12-08,137,311092.75,135.0,2025,12,4,50,124.0,151.0,130.0,120.0,140.0,135.0,133.75,129.0,129.08333333333334,2270.75,0,133.75
SKU014,2025-12-15,116,263407.0,141.0,2025,12,4,51,137.0,124.0,130.0,133.0,132.0,141.0,135.5,131.125,128.83333333333334,2270.75,0,135.5
SKU014,2025-12-22,122,277031.5,135.0,2025,12,4,52,116.0,137.0,151.0,127.0,123.0,135.0,132.0,129.0,127.5,2270.75,0,132.0
SKU014,2025-12-29,51,115808.25,131.0,2025,12,4,1,122.0,116.0,124.0,117.0,122.0,131.0,124.75,128.375,127.41666666666667,2270.75,0,124.75
SKU015,2025-11-10,24,149090.88,19.0,2025,11,4,46,13.0,17.0,21.0,23.0,26.0,19.0,18.0,19.75,22.0,6212.12,1,18.0
SKU015,2025-11-17,24,149090.88,34.0,2025,11,4,47,24.0,13.0,21.0,28.0,28.0,34.0,18.75,19.875,21.833333333333332,6212.12,1,18.75
SKU015,2025-11-24,31,192575.72,22.0,2025,11,4,48,24.0,24.0,17.0,19.0,28.0,22.0,19.5,19.375,21.5,6212.12,1,19.5
SKU015,2025-12-01,22,136666.64,29.0,2025,12,4,49,31.0,24.0,13.0,16.0,24.0,29.0,23.0,20.875,21.75,6212.12,0,23.0
SKU015,2025-12-08,31,192575.72,21.0,2025,12,4,50,22.0,31.0,24.0,21.0,23.0,21.0,25.25,21.625,21.583333333333332,6212.12,0,25.25
SKU015,2025-12-15,21,130454.52,26.0,2025,12,4,51,31.0,22.0,24.0,21.0,28.0,26.0,27.0,22.875,22.25,6212.12,0,27.0
SKU015,2025-12-22,27,167727.24,32.0,2025,12,4,52,21.0,31.0,31.0,17.0,19.0,32.0,26.25,22.875,21.666666666666668,6212.12,0,26.25
SKU015,2025-12-29,7,43484.84,31.0,2025,12,4,1,27.0,21.0,22.0,13.0,16.0,31.0,25.25,24.125,22.333333333333332,6212.12,0,25.25
SKU016,2025-11-10,95,205847.9,104.0,2025,11,4,46,92.0,109.0,86.0,76.0,90.0,104.0,90.0,83.75,82.41666666666667,2166.82,1,90.0
SKU016,2025-11-17,75,162511.5,94.0,2025,11,4,47,95.0,92.0,73.0,78.0,85.0,94.0,92.25,86.125,82.83333333333333,2166.82,1,92.25
SKU016,2025-11-24,71,153844.22,97.0,2025,11,4,48,75.0,95.0,109.0,72.0,66.0,97.0,92.75,85.75,82.0,2166.82,1,92.75
SKU016,2025-12-01,77,166845.14,83.0,2025,12,4,49,71.0,75.0,92.0,84.0,78.0,83.0,83.25,85.625,82.41666666666667,2166.82,0,83.25
SKU016,2025-12-08,78,169011.96,71.0,2025,12,4,50,77.0,71.0,95.0,86.0,76.0,71.0,79.5,84.75,82.33333333333333,2166.82,0,79.5
SKU016,2025-12-15,74,160344.68,82.0,2025,12,4,51,78.0,77.0,75.0,73.0,78.0,82.0,75.25,83.75,82.5,2166.82,0,75.25
SKU016,2025-12-22,104,225349.28,75.0,2025,12,4,52,74.0,78.0,71.0,109.0,72.0,75.0,75.0,83.875,82.16666666666667,2166.82,0,75.0
SKU016,2025-12-29,37,80172.34,92.0,2025,12,4,1,104.0,74.0,77.0,92.0,84.0,92.0,83.25,83.25,84.83333333333333,2166.82,0,83.25
SKU017,2025-11-10,88,746004.1599999999,86.0,2025,11,4,46,103.0,83.0,84.0,83.0,85.0,86.0,82.75,81.875,80.5,8477.32,1,82.75
SKU017,2025-11-17,87,737526.84,97.0,2025,11,4,47,88.0,103.0,61.0,90.0,78.0,97.0,83.75,82.5,80.75,8477.32,1,83.75
SKU017,2025-11-24,90,762958.8,82.0,2025,11,4,48,87.0,88.0,83.0,75.0,71.0,82.0,90.25,82.125,81.5,8477.32,1,90.25
SKU017,2025-12-01,105,890118.6,81.0,2025,12,4,49,90.0,87.0,103.0,76.0,77.0,81.0,92.0,84.0,83.08333333333333,8477.32,0,92.0
SKU017,2025-12-08,96,813822.72,88.0,2025,12,4,50,105.0,90.0,88.0,84.0,83.0,88.0,92.5,87.625,85.41666666666667,8477.32,0,92.5
SKU017,2025-12-15,81,686662.9199999999,80.0,2025,12,4,51,96.0,105.0,87.0,61.0,90.0,80.0,94.5,89.125,86.5,8477.32,0,94.5
SKU017,2025-12-22,98,830777.36,94.0,2025,12,4,52,81.0,96.0,90.0,83.0,75.0,94.0,93.0,91.625,85.75,8477.32,0,93.0
SKU017,2025-12-29,37,313660.84,85.0,2025,12,4,1,98.0,81.0,105.0,103.0,76.0,85.0,95.0,93.5,87.66666666666667,8477.32,0,95.0
SKU018,2025-11-10,142,791708.22,150.0,2025,11,4,46,157.0,166.0,141.0,148.0,151.0,150.0,149.75,148.125,150.16666666666666,5575.409999999999,1,149.75
SKU018,2025-11-17,150,836311.5,153.0,2025,11,4,47,142.0,157.0,135.0,146.0,161.0,153.0,150.0,147.375,149.41666666666666,5575.409999999999,1,150.0
SKU018,2025-11-24,152,847462.3200000001,143.0,2025,11,4,48,150.0,142.0,166.0,138.0,150.0,143.0,153.75,147.875,148.5,5575.409999999999,1,153.75
SKU018,2025-12-01,158,880914.78,182.0,2025,12,4,49,152.0,150.0,157.0,154.0,155.0,182.0,150.25,149.625,148.66666666666666,5575.409999999999,0,150.25
SKU018,2025-12-08,162,903216.42,150.0,2025,12,4,50,158.0,152.0,142.0,141.0,148.0,150.0,150.5,150.125,148.91666666666666,5575.409999999999,0,150.5
SKU018,2025-12-15,160,892065.6,172.0,2025,12,4,51,162.0,158.0,150.0,135.0,146.0,172.0,155.5,152.75,150.08333333333334,5575.409999999999,0,155.5
SKU018,2025-12-22,161,897641.01,154.0,2025,12,4,52,160.0,162.0,152.0,166.0,138.0,154.0,158.0,155.875,151.25,5575.409999999999,0,158.0
SKU018,2025-12-29,58,323373.78,181.0,2025,12,4,1,161.0,160.0,158.0,157.0,154.0,181.0,160.25,155.25,153.16666666666666,5575.41,0,160.25
SKU019,2025-11-10,112,539823.2,112.0,2025,11,4,46,103.0,91.0,96.0,100.0,109.0,112.0,93.5,94.25,94.58333333333333,4819.85,1,93.5
SKU019,2025-11-17,110,530183.5,113.0,2025,11,4,47,112.0,103.0,84.0,105.0,93.0,113.0,97.5,95.75,94.83333333333333,4819.85,1,97.5
SKU019,2025-11-24,88,424146.8000000001,110.0,2025,11,4,48,110.0,112.0,91.0,83.0,103.0,110.0,104.0,96.375,96.25,4819.85,1,104.0
SKU019,2025-12-01,103,496444.55,120.0,2025,12,4,49,88.0,110.0,103.0,92.0,76.0,120.0,103.25,97.0,95.0,4819.85,0,103.25
SKU019,2025-12-08,96,462705.6,97.0,2025,12,4,50,103.0,88.0,112.0,96.0,100.0,97.0,103.25,98.375,97.25,4819.85,0,103.25
SKU019,2025-12-15,107,515723.95,106.0,2025,12,4,51,96.0,103.0,110.0,84.0,105.0,106.0,99.25,98.375,96.91666666666667,4819.85,0,99.25
SKU019,2025-12-22,104,501264.4,86.0,2025,12,4,52,107.0,96.0,88.0,91.0,83.0,86.0,98.5,101.25,97.08333333333333,4819.85,0,98.5
SKU019,2025-12-29,40,192794.0,100.0,2025,12,4,1,104.0,107.0,103.0,103.0,92.0,100.0,102.5,102.875,98.83333333333333,4819.85,0,102.5
SKU020,2025-11-10,92,358573.68,87.0,2025,11,4,46,78.0,101.0,74.0,79.0,99.0,87.0,85.25,86.0,87.41666666666667,3897.54,1,85.25
SKU020,2025-11-17,81,315700.74,69.0,2025,11,4,47,92.0,78.0,88.0,86.0,74.0,69.0,89.75,87.625,86.83333333333333,3897.54,1,89.75
SKU020,2025-11-24,97,378061.38,84.0,2025,11,4,48,81.0,92.0,101.0,75.0,97.0,84.0,88.0,87.0,87.41666666666667,3897.54,1,88.0
SKU020,2025-12-01,85,331290.9,88.0,2025,12,4,49,97.0,81.0,78.0,107.0,91.0,88.0,87.0,89.75,87.41666666666667,3897.54,0,87.0
SKU020,2025-12-08,82,319598.28,80.0,2025,12,4,50,85.0,97.0,92.0,74.0,79.0,80.0,88.75,87.0,86.91666666666667,3897.54,0,88.75
SKU020,2025-12-15,74,288417.96,81.0,2025,12,4,51,82.0,85.0,81.0,88.0,86.0,81.0,86.25,88.0,87.16666666666667,3897.54,0,86.25
SKU020,2025-12-22,99,385856.46,87.0,2025,12,4,52,74.0,82.0,97.0,101.0,75.0,87.0,84.5,86.25,86.16666666666667,3897.54,0,84.5
SKU020,2025-12-29,43,167594.22,93.0,2025,12,4,1,99.0,74.0,85.0,78.0,107.0,93.0,85.0,86.0,88.16666666666667,3897.5399999999995,0,85.0
SKU021,2025-11-10,45,347007.60000000003,63.0,2025,11,4,46,46.0,58.0,65.0,55.0,60.0,63.0,53.25,50.5,50.75,7711.28,1,53.25
SKU021,2025-11-17,43,331585.04,54.0,2025,11,4,47,45.0,46.0,44.0,53.0,43.0,54.0,48.25,49.25,49.5,7711.28,1,48.25
SKU021,2025-11-24,47,362430.16,37.0,2025,11,4,48,43.0,45.0,58.0,35.0,47.0,37.0,48.0,48.0,49.5,7711.28,1,48.0
SKU021,2025-12-01,52,400986.56,55.0,2025,12,4,49,47.0,43.0,46.0,48.0,55.0,55.0,45.25,49.5,49.5,7711.28,0,45.25
SKU021,2025-12-08,59,454965.52,63.0,2025,12,4,50,52.0,47.0,45.0,65.0,55.0,63.0,46.75,50.0,49.25,7711.28,0,46.75
SKU021,2025-12-15,47,362430.16,50.0,2025,12,4,51,59.0,52.0,43.0,44.0,53.0,50.0,50.25,49.25,49.583333333333336,7711.28,0,50.25
SKU021,2025-12-22,50,385564.0,54.0,2025,12,4,52,47.0,59.0,47.0,58.0,35.0,54.0,51.25,49.625,49.083333333333336,7711.28,0,51.25
SKU021,2025-12-29,19,146514.32,48.0,2025,12,4,1,50.0,47.0,52.0,46.0,48.0,48.0,52.0,48.625,50.333333333333336,7711.28,0,52.0
SKU022,2025-11-10,78,358568.34,69.0,2025,11,4,46,44.0,62.0,58.0,60.0,69.0,69.0,53.75,55.0,56.666666666666664,4597.03,1,53.75
SKU022,2025-11-17,53,243642.59,64.0,2025,11,4,47,78.0,44.0,51.0,61.0,49.0,64.0,58.75,57.25,57.416666666666664,4597.03,1,58.75
SKU022,2025-11-24,69,317195.07,61.0,2025,11,4,48,53.0,78.0,62.0,50.0,55.0,61.0,59.25,56.25,57.75,4597.03,1,59.25
SKU022,2025-12-01,70,321792.1,62.0,2025,12,4,49,69.0,53.0,44.0,54.0,67.0,62.0,61.0,58.625,58.916666666666664,4597.03,0,61.0
SKU022,2025-12-08,60,275821.8,70.0,2025,12,4,50,70.0,69.0,78.0,58.0,60.0,70.0,67.5,60.625,59.166666666666664,4597.03,0,67.5
SKU022,2025-12-15,62,285015.86,46.0,2025,12,4,51,60.0,70.0,53.0,51.0,61.0,46.0,63.0,60.875,59.166666666666664,4597.03,0,63.0
SKU022,2025-12-22,84,386150.52,59.0,2025,12,4,52,62.0,60.0,69.0,62.0,50.0,59.0,65.25,62.25,59.25,4597.03,0,65.25
SKU022,2025-12-29,17,78149.51,77.0,2025,12,4,1,84.0,62.0,70.0,44.0,54.0,77.0,69.0,65.0,62.083333333333336,4597.03,0,69.0
SKU023,2025-11-10,88,124673.12,94.0,2025,11,4,46,91.0,84.0,74.0,111.0,95.0,94.0,85.0,88.75,84.66666666666667,1416.74,1,85.0
SKU023,2025-11-17,88,124673.12,98.0,2025,11,4,47,88.0,91.0,91.0,90.0,82.0,98.0,88.5,85.875,84.08333333333333,1416.74,1,88.5
SKU023,2025-11-24,90,127506.6,111.0,2025,11,4,48,88.0,88.0,84.0,89.0,76.0,111.0,87.75,85.625,84.58333333333333,1416.74,1,87.75
SKU023,2025-12-01,97,137423.78,104.0,2025,12,4,49,90.0,88.0,91.0,80.0,53.0,104.0,89.25,85.75,85.75,1416.74,0,89.25
SKU023,2025-12-08,98,138840.52,80.0,2025,12,4,50,97.0,90.0,88.0,74.0,111.0,80.0,90.75,87.875,89.41666666666667,1416.74,0,90.75
SKU023,2025-12-15,96,136007.04,90.0,2025,12,4,51,98.0,97.0,88.0,91.0,90.0,90.0,93.25,90.875,88.33333333333333,1416.74,0,93.25
SKU023,2025-12-22,99,140257.26,99.0,2025,12,4,52,96.0,98.0,90.0,84.0,89.0,99.0,95.25,91.5,88.83333333333333,1416.74,0,95.25
SKU023,2025-12-29,39,55252.86,117.0,2025,12,4,1,99.0,96.0,97.0,91.0,80.0,117.0,97.5,93.375,89.66666666666667,1416.74,0,97.5
SKU024,2025-11-10,82,145047.34,72.0,2025,11,4,46,82.0,83.0,75.0,84.0,69.0,72.0,80.5,77.5,80.41666666666667,1768.8700000000001,1,80.5
SKU024,2025-11-17,80,141509.6,74.0,2025,11,4,47,82.0,82.0,82.0,80.0,93.0,74.0,82.25,77.25,81.5,1768.8700000000001,1,82.25
SKU024,2025-11-24,76,134434.12,65.0,2025,11,4,48,80.0,82.0,83.0,69.0,104.0,65.0,81.75,77.25,80.41666666666667,1768.8700000000001,1,81.75
SKU024,2025-12-01,93,164504.91,76.0,2025,12,4,49,76.0,80.0,82.0,65.0,79.0,76.0,80.0,78.125,78.08333333333333,1768.8700000000001,0,80.0
SKU024,2025-12-08,72,127358.64,101.0,2025,12,4,50,93.0,76.0,82.0,75.0,84.0,101.0,82.75,81.625,79.25,1768.8700000000001,0,82.75
SKU024,2025-12-15,85,150353.95,75.0,2025,12,4,51,72.0,93.0,80.0,82.0,80.0,75.0,80.25,81.25,78.25,1768.8700000000001,0,80.25
SKU024,2025-12-22,71,125589.77,71.0,2025,12,4,52,85.0,72.0,76.0,83.0,69.0,71.0,81.5,81.625,78.66666666666667,1768.8700000000001,0,81.5
SKU024,2025-12-29,27,47759.49,101.0,2025,12,4,1,71.0,85.0,93.0,82.0,65.0,101.0,80.25,80.125,78.83333333333333,1768.87,0,80.25
SKU025,2025-11-10,18,208044.18,17.0,2025,11,4,46,18.0,20.0,17.0,16.0,18.0,17.0,18.0,16.75,17.25,11558.01,1,18.0
SKU025,2025-11-17,12,138696.12,26.0,2025,11,4,47,18.0,18.0,17.0,21.0,22.0,26.0,18.25,17.0,17.25,11558.01,1,18.25
SKU025,2025-11-24,9,104022.09,5.0,2025,11,4,48,12.0,18.0,20.0,12.0,17.0,5.0,17.0,15.875,16.416666666666668,11558.01,1,17.0
SKU025,2025-12-01,18,208044.18,22.0,2025,12,4,49,9.0,12.0,18.0,13.0,16.0,22.0,14.25,15.5,15.75,11558.01,0,14.25
SKU025,2025-12-08,13,150254.13,24.0,2025,12,4,50,18.0,9.0,18.0,17.0,16.0,24.0,14.25,16.125,15.916666666666666,11558.01,0,14.25
SKU025,2025-12-15,14,161812.13999999998,22.0,2025,12,4,51,13.0,18.0,12.0,17.0,21.0,22.0,13.0,15.625,15.666666666666666,11558.01,0,13.0
SKU025,2025-12-22,16,184928.16,16.0,2025,12,4,52,14.0,13.0,9.0,20.0,12.0,16.0,13.5,15.25,15.083333333333334,11558.01,0,13.5
SKU025,2025-12-29,7,80906.07,15.0,2025,12,4,1,16.0,14.0,18.0,18.0,13.0,15.0,15.25,14.75,15.416666666666666,11558.01,0,15.25
SKU026,2025-11-10,130,1422140.2,156.0,2025,11,4,46,127.0,141.0,138.0,138.0,123.0,156.0,132.5,131.125,131.5,10939.539999999999,1,132.5
SKU026,2025-11-17,128,1400261.12,124.0,2025,11,4,47,130.0,127.0,124.0,132.0,129.0,124.0,130.5,130.125,132.08333333333334,10939.539999999999,1,130.5
SKU026,2025-11-24,126,1378382.04,116.0,2025,11,4,48,128.0,130.0,141.0,114.0,153.0,116.0,131.5,129.625,132.0,10939.539999999999,1,131.5
SKU026,2025-12-01,157,1717507.78,162.0,2025,12,4,49,126.0,128.0,127.0,135.0,124.0,162.0,127.75,131.125,129.75,10939.539999999999,0,127.75
SKU026,2025-12-08,128,1400261.12,148.0,2025,12,4,50,157.0,126.0,130.0,138.0,138.0,148.0,135.25,133.875,132.5,10939.539999999999,0,135.25
SKU026,2025-12-15,156,1706568.24,131.0,2025,12,4,51,128.0,157.0,128.0,124.0,132.0,131.0,134.75,132.625,131.66666666666666,10939.539999999999,0,134.75
SKU026,2025-12-22,135,1476837.9,145.0,2025,12,4,52,156.0,128.0,126.0,141.0,114.0,145.0,141.75,136.625,133.66666666666666,10939.539999999999,0,141.75
SKU026,2025-12-29,55,601674.7,147.0,2025,12,4,1,135.0,156.0,157.0,127.0,135.0,147.0,144.0,135.875,135.41666666666666,10939.54,0,144.0
SKU027,2025-11-10,149,1268973.4,153.0,2025,11,4,46,147.0,136.0,127.0,158.0,145.0,153.0,135.0,143.5,145.08333333333334,8516.6,1,135.0
SKU027,2025-11-17,163,1388205.8,163.0,2025,11,4,47,149.0,147.0,130.0,150.0,138.0,163.0,140.5,142.375,145.41666666666666,8516.6,1,140.5
SKU027,2025-11-24,162,1379689.2,152.0,2025,11,4,48,163.0,149.0,136.0,151.0,167.0,152.0,148.75,144.0,147.5,8516.6,1,148.75
SKU027,2025-12-01,153,1303039.8,153.0,2025,12,4,49,162.0,163.0,147.0,149.0,143.0,153.0,155.25,145.375,147.08333333333334,8516.6,0,155.25
SKU027,2025-12-08,161,1371172.6,154.0,2025,12,4,50,153.0,162.0,149.0,127.0,158.0,154.0,156.75,145.875,147.91666666666666,8516.6,0,156.75
SKU027,2025-12-15,182,1550021.2,133.0,2025,12,4,51,161.0,153.0,163.0,130.0,150.0,133.0,159.75,150.125,148.16666666666666,8516.6,0,159.75
SKU027,2025-12-22,144,1226390.4,172.0,2025,12,4,52,182.0,161.0,162.0,136.0,151.0,172.0,164.5,156.625,150.83333333333334,8516.6,0,164.5
SKU027,2025-12-29,67,570612.2,185.0,2025,12,4,1,144.0,182.0,153.0,147.0,149.0,185.0,160.0,157.625,150.25,8516.6,0,160.0
SKU028,2025-11-10,40,139363.6,33.0,2025,11,4,46,30.0,31.0,32.0,34.0,27.0,33.0,30.75,29.5,31.583333333333332,3484.09,1,30.75
SKU028,2025-11-17,39,135879.51,30.0,2025,11,4,47,40.0,30.0,30.0,30.0,45.0,30.0,32.75,30.25,32.666666666666664,3484.09,1,32.75
SKU028,2025-11-24,34,118459.06,41.0,2025,11,4,48,39.0,40.0,31.0,18.0,35.0,41.0,35.0,31.375,32.166666666666664,3484.09,1,35.0
SKU028,2025-12-01,40,139363.6,36.0,2025,12,4,49,34.0,39.0,30.0,31.0,36.0,36.0,35.75,33.375,32.083333333333336,3484.09,0,35.75
SKU028,2025-12-08,25,87102.25,48.0,2025,12,4,50,40.0,34.0,40.0,32.0,34.0,48.0,38.25,34.5,32.416666666666664,3484.09,0,38.25
SKU028,2025-12-15,22,76649.98000000001,45.0,2025,12,4,51,25.0,40.0,39.0,30.0,30.0,45.0,34.5,33.625,31.666666666666668,3484.09,0,34.5
SKU028,2025-12-22,31,108006.79,37.0,2025,12,4,52,22.0,25.0,34.0,31.0,18.0,37.0,30.25,32.625,31.0,3484.09,0,30.25
SKU028,2025-12-29,14,48777.26,47.0,2025,12,4,1,31.0,22.0,40.0,30.0,31.0,47.0,29.5,32.625,32.083333333333336,3484.09,0,29.5
SKU029,2025-11-10,98,1140960.1,110.0,2025,11,4,46,88.0,104.0,85.0,105.0,114.0,110.0,93.75,92.0,94.33333333333333,11642.45,1,93.75
SKU029,2025-11-17,97,1129317.65,114.0,2025,11,4,47,98.0,88.0,98.0,86.0,103.0,114.0,97.0,91.125,93.0,11642.45,1,97.0
SKU029,2025-11-24,96,1117675.2,83.0,2025,11,4,48,97.0,98.0,104.0,78.0,90.0,83.0,96.75,92.5,92.5,11642.45,1,96.75
SKU029,2025-12-01,87,1012893.15,110.0,2025,12,4,49,96.0,97.0,88.0,92.0,89.0,110.0,94.75,94.75,93.0,11642.45,0,94.75
SKU029,2025-12-08,115,1338881.75,95.0,2025,12,4,50,87.0,96.0,98.0,85.0,105.0,95.0,94.5,94.125,92.83333333333333,11642.45,0,94.5
SKU029,2025-12-15,104,1210814.8,109.0,2025,12,4,51,115.0,87.0,97.0,98.0,86.0,109.0,98.75,97.875,93.66666666666667,11642.45,0,98.75
SKU029,2025-12-22,97,1129317.65,96.0,2025,12,4,52,104.0,115.0,96.0,104.0,78.0,96.0,100.5,98.625,95.16666666666667,11642.45,0,100.5
SKU029,2025-12-29,35,407485.75,114.0,2025,12,4,1,97.0,104.0,87.0,88.0,92.0,114.0,100.75,97.75,96.75,11642.450000000003,0,100.75
SKU030,2025-11-10,34,320739.34,30.0,2025,11,4,46,25.0,28.0,32.0,32.0,36.0,30.0,28.0,29.625,30.416666666666668,9433.51,1,28.0
SKU030,2025-11-17,33,311305.83,30.0,2025,11,4,47,34.0,25.0,27.0,41.0,32.0,30.0,28.5,29.875,30.25,9433.51,1,28.5
SKU030,2025-11-24,26,245271.26,32.0,2025,11,4,48,33.0,34.0,28.0,27.0,26.0,32.0,30.0,28.875,30.333333333333332,9433.51,1,30.0
SKU030,2025-12-01,25,235837.75,30.0,2025,12,4,49,26.0,33.0,25.0,25.0,34.0,30.0,29.5,28.75,30.333333333333332,9433.51,0,29.5
SKU030,2025-12-08,35,330172.85000000003,38.0,2025,12,4,50,25.0,26.0,34.0,32.0,32.0,38.0,29.5,28.75,29.583333333333332,9433.51,0,29.5
SKU030,2025-12-15,26,245271.26,32.0,2025,12,4,51,35.0,25.0,33.0,27.0,41.0,32.0,29.75,29.125,29.833333333333332,9433.51,0,29.75
SKU030,2025-12-22,28,264138.28,27.0,2025,12,4,52,26.0,35.0,26.0,28.0,27.0,27.0,28.0,29.0,28.583333333333332,9433.51,0,28.0
SKU030,2025-12-29,14,132069.14,21.0,2025,12,4,1,28.0,26.0,25.0,25.0,25.0,21.0,28.5,29.0,28.666666666666668,9433.51,0,28.5
SKU031,2025-11-10,131,1141786.83,105.0,2025,11,4,46,109.0,110.0,120.0,118.0,111.0,105.0,113.25,112.375,114.66666666666667,8715.93,1,113.25
SKU031,2025-11-17,113,984900.09,113.0,2025,11,4,47,131.0,109.0,114.0,112.0,123.0,113.0,116.0,114.0,116.33333333333333,8715.93,1,116.0
SKU031,2025-11-24,104,906456.72,103.0,2025,11,4,48,113.0,131.0,110.0,107.0,118.0,103.0,115.75,114.125,115.5,8715.93,1,115.75
SKU031,2025-12-01,96,836729.28,114.0,2025,12,4,49,104.0,113.0,109.0,109.0,125.0,114.0,114.25,113.75,114.33333333333333,8715.93,0,114.25
SKU031,2025-12-08,104,906456.72,107.0,2025,12,4,50,96.0,104.0,131.0,120.0,118.0,107.0,111.0,112.125,111.91666666666667,8715.93,0,111.0
SKU031,2025-12-15,132,1150502.76,106.0,2025,12,4,51,104.0,96.0,113.0,114.0,112.0,106.0,104.25,110.125,110.75,8715.93,0,104.25
SKU031,2025-12-22,97,845445.21,108.0,2025,12,4,52,132.0,104.0,104.0,110.0,107.0,108.0,109.0,112.375,112.41666666666667,8715.93,0,109.0
SKU031,2025-12-29,50,435796.5,138.0,2025,12,4,1,97.0,132.0,96.0,109.0,109.0,138.0,107.25,110.75,111.58333333333333,8715.93,0,107.25
SKU032,2025-11-10,54,303079.86,53.0,2025,11,4,46,61.0,67.0,48.0,57.0,51.0,53.0,57.0,54.875,55.75,5612.590000000001,1,57.0
SKU032,2025-11-17,70,392881.3,41.0,2025,11,4,47,54.0,61.0,52.0,60.0,55.0,41.0,58.5,54.5,56.0,5612.590000000001,1,58.5
SKU032,2025-11-24,50,280629.5,50.0,2025,11,4,48,70.0,54.0,67.0,44.0,48.0,50.0,63.0,55.75,57.25,5612.590000000001,1,63.0
SKU032,2025-12-01,60,336755.4,54.0,2025,12,4,49,50.0,70.0,61.0,50.0,76.0,54.0,58.75,56.5,57.416666666666664,5612.590000000001,0,58.75
SKU032,2025-12-08,56,314305.04,58.0,2025,12,4,50,60.0,50.0,54.0,48.0,57.0,58.0,58.5,57.75,56.083333333333336,5612.590000000001,0,58.5
SKU032,2025-12-15,68,381656.12,59.0,2025,12,4,51,56.0,60.0,70.0,52.0,60.0,59.0,59.0,58.75,56.0,5612.590000000001,0,59.0
SKU032,2025-12-22,51,286242.09,64.0,2025,12,4,52,68.0,56.0,50.0,67.0,44.0,64.0,58.5,60.75,56.666666666666664,5612.590000000001,0,58.5
SKU032,2025-12-29,26,145927.34,57.0,2025,12,4,1,51.0,68.0,60.0,61.0,50.0,57.0,58.75,58.75,57.25,5612.59,0,58.75
SKU033,2025-11-10,116,412728.0,103.0,2025,11,4,46,119.0,95.0,100.0,110.0,113.0,103.0,102.25,104.25,107.08333333333333,3558.0,1,102.25
SKU033,2025-11-17,120,426960.0,109.0,2025,11,4,47,116.0,119.0,95.0,125.0,115.0,109.0,106.25,105.0,107.33333333333333,3558.0,1,106.25
SKU033,2025-11-24,121,430518.0,86.0,2025,11,4,48,120.0,116.0,95.0,102.0,97.0,86.0,112.5,104.375,107.75,3558.0,1,112.5
SKU033,2025-12-01,117,416286.0,107.0,2025,12,4,49,121.0,120.0,119.0,88.0,126.0,107.0,119.0,106.75,109.75,3558.0,0,119.0
SKU033,2025-12-08,109,387822.0,127.0,2025,12,4,50,117.0,121.0,116.0,100.0,110.0,127.0,118.5,110.375,109.0,3558.0,0,118.5
SKU033,2025-12-15,116,412728.0,120.0,2025,12,4,51,109.0,117.0,120.0,95.0,125.0,120.0,116.75,111.5,108.91666666666667,3558.0,0,116.75
SKU033,2025-12-22,96,341568.0,108.0,2025,12,4,52,116.0,109.0,121.0,95.0,102.0,108.0,115.75,114.125,108.16666666666667,3558.0,0,115.75
SKU033,2025-12-29,42,149436.0,103.0,2025,12,4,1,96.0,116.0,117.0,119.0,88.0,103.0,109.5,114.25,107.66666666666667,3558.0,0,109.5
SKU034,2025-11-10,118,179140.52000000002,131.0,2025,11,4,46,129.0,122.0,115.0,110.0,103.0,131.0,116.75,116.0,119.5,1518.14,1,116.75
SKU034,2025-11-17,133,201912.62,121.0,2025,11,4,47,118.0,129.0,101.0,148.0,138.0,121.0,117.5,117.0,120.75,1518.14,1,117.5
SKU034,2025-11-24,130,197358.2,142.0,2025,11,4,48,133.0,118.0,122.0,106.0,150.0,142.0,125.5,115.125,120.33333333333333,1518.14,1,125.5
SKU034,2025-12-01,147,223166.58,128.0,2025,12,4,49,130.0,133.0,129.0,97.0,115.0,128.0,127.5,118.125,118.66666666666667,1518.14,0,127.5
SKU034,2025-12-08,118,179140.52,137.0,2025,12,4,50,147.0,130.0,118.0,115.0,110.0,137.0,132.0,124.375,121.33333333333333,1518.14,0,132.0
SKU034,2025-12-15,119,180658.66,114.0,2025,12,4,51,118.0,147.0,133.0,101.0,148.0,114.0,132.0,124.75,122.0,1518.14,0,132.0
SKU034,2025-12-22,124,188249.36,127.0,2025,12,4,52,119.0,118.0,130.0,122.0,106.0,127.0,128.5,127.0,119.58333333333333,1518.14,0,128.5
SKU034,2025-12-29,42,63761.880000000005,129.0,2025,12,4,1,124.0,119.0,147.0,129.0,97.0,129.0,127.0,127.25,121.08333333333333,1518.14,0,127.0
SKU035,2025-11-10,124,1347903.56,117.0,2025,11,4,46,113.0,117.0,129.0,138.0,117.0,117.0,123.5,124.625,126.0,10870.19,1,123.5
SKU035,2025-11-17,133,1445735.27,135.0,2025,11,4,47,124.0,113.0,135.0,123.0,132.0,135.0,122.25,122.875,126.58333333333333,10870.19,1,122.25
SKU035,2025-11-24,131,1423994.89,132.0,2025,11,4,48,133.0,124.0,117.0,134.0,147.0,132.0,121.75,124.125,126.66666666666667,10870.19,1,121.75
SKU035,2025-12-01,128,1391384.32,135.0,2025,12,4,49,131.0,133.0,113.0,108.0,119.0,135.0,125.25,123.75,125.33333333333333,10870.19,0,125.25
SKU035,2025-12-08,128,1391384.32,133.0,2025,12,4,50,128.0,131.0,124.0,129.0,138.0,133.0,129.0,126.25,126.08333333333333,10870.19,0,129.0
SKU035,2025-12-15,127,1380514.13,134.0,2025,12,4,51,128.0,128.0,133.0,135.0,123.0,134.0,130.0,126.125,125.25,10870.19,0,130.0
SKU035,2025-12-22,148,1608788.12,126.0,2025,12,4,52,127.0,128.0,131.0,117.0,134.0,126.0,128.5,125.125,125.58333333333333,10870.19,0,128.5
SKU035,2025-12-29,40,434807.6,139.0,2025,12,4,1,148.0,127.0,128.0,113.0,108.0,139.0,132.75,129.0,126.75,10870.19,0,132.75
SKU036,2025-11-10,30,170610.0,40.0,2025,11,4,46,27.0,29.0,19.0,35.0,27.0,40.0,27.25,27.875,28.916666666666668,5687.0,1,27.25
SKU036,2025-11-17,35,199045.0,33.0,2025,11,4,47,30.0,27.0,34.0,27.0,43.0,33.0,30.0,27.25,29.166666666666668,5687.0,1,30.0
SKU036,2025-11-24,31,176297.0,25.0,2025,11,4,48,35.0,30.0,29.0,33.0,28.0,25.0,30.25,28.25,28.5,5687.0,1,30.25
SKU036,2025-12-01,27,153549.0,26.0,2025,12,4,49,31.0,35.0,27.0,19.0,26.0,26.0,30.75,28.0,28.75,5687.0,0,30.75
SKU036,2025-12-08,31,176297.0,36.0,2025,12,4,50,27.0,31.0,30.0,19.0,35.0,36.0,30.75,29.0,28.833333333333332,5687.0,0,30.75
SKU036,2025-12-15,36,204732.0,25.0,2025,12,4,51,31.0,27.0,35.0,34.0,27.0,25.0,31.0,30.5,28.5,5687.0,0,31.0
SKU036,2025-12-22,30,170610.0,37.0,2025,12,4,52,36.0,31.0,31.0,29.0,33.0,37.0,31.25,30.75,29.25,5687.0,0,31.25
SKU036,2025-12-29,9,51183.0,22.0,2025,12,4,1,30.0,36.0,27.0,27.0,19.0,22.0,31.0,30.875,29.0,5687.0,0,31.0
SKU037,2025-11-10,150,412113.0,161.0,2025,11,4,46,171.0,154.0,147.0,165.0,170.0,161.0,152.75,150.125,152.41666666666666,2747.4200000000005,1,152.75
SKU037,2025-11-17,166,456071.72,147.0,2025,11,4,47,150.0,171.0,139.0,157.0,171.0,147.0,153.5,148.25,150.75,2747.4200000000005,1,153.5
SKU037,2025-11-24,144,395628.48,133.0,2025,11,4,48,166.0,150.0,154.0,140.0,133.0,133.0,160.25,149.375,150.33333333333334,2747.4200000000005,1,160.25
SKU037,2025-12-01,155,425850.1,171.0,2025,12,4,49,144.0,166.0,171.0,128.0,154.0,171.0,157.75,149.875,151.25,2747.4200000000005,0,157.75
SKU037,2025-12-08,133,365406.86,173.0,2025,12,4,50,155.0,144.0,150.0,147.0,165.0,173.0,153.75,153.25,151.33333333333334,2747.4200000000005,0,153.75
SKU037,2025-12-15,139,381891.38,177.0,2025,12,4,51,133.0,155.0,166.0,139.0,157.0,177.0,149.5,151.5,148.66666666666666,2747.4200000000005,0,149.5
SKU037,2025-12-22,161,442334.62,137.0,2025,12,4,52,139.0,133.0,144.0,154.0,140.0,137.0,142.75,151.5,147.16666666666666,2747.4200000000005,0,142.75
SKU037,2025-12-29,59,162097.78,159.0,2025,12,4,1,161.0,139.0,155.0,171.0,128.0,159.0,147.0,152.375,148.91666666666666,2747.42,0,147.0
SKU038,2025-11-10,48,189556.8,52.0,2025,11,4,46,50.0,37.0,44.0,40.0,47.0,52.0,43.75,44.0,45.25,3949.1,1,43.75
SKU038,2025-11-17,61,240895.1,49.0,2025,11,4,47,48.0,50.0,44.0,49.0,49.0,49.0,44.75,45.0,45.333333333333336,3949.1,1,44.75
SKU038,2025-11-24,61,240895.1,34.0,2025,11,4,48,61.0,48.0,37.0,40.0,48.0,34.0,49.0,46.5,46.333333333333336,3949.1,1,49.0
SKU038,2025-12-01,39,154014.9,55.0,2025,12,4,49,61.0,61.0,50.0,48.0,47.0,55.0,55.0,49.125,47.416666666666664,3949.1,0,55.0
SKU038,2025-12-08,49,193505.9,56.0,2025,12,4,50,39.0,61.0,48.0,44.0,40.0,56.0,52.25,48.0,46.75,3949.1,0,52.25
SKU038,2025-12-15,49,193505.9,45.0,2025,12,4,51,49.0,39.0,61.0,44.0,49.0,45.0,52.5,48.625,47.5,3949.1,0,52.5
SKU038,2025-12-22,56,221149.6,45.0,2025,12,4,52,49.0,49.0,61.0,37.0,40.0,45.0,49.5,49.25,47.5,3949.1,0,49.5
SKU038,2025-12-29,31,122422.1,57.0,2025,12,4,1,56.0,49.0,39.0,50.0,48.0,57.0,48.25,51.625,48.833333333333336,3949.1,0,48.25
SKU039,2025-11-10,24,170854.8,18.0,2025,11,4,46,18.0,18.0,16.0,18.0,18.0,18.0,17.75,19.625,18.75,7118.95,1,17.75
SKU039,2025-11-17,18,128141.1,24.0,2025,11,4,47,24.0,18.0,19.0,25.0,13.0,24.0,19.75,20.375,19.25,7118.95,1,19.75
SKU039,2025-11-24,13,92546.35,11.0,2025,11,4,48,18.0,24.0,18.0,26.0,17.0,11.0,19.5,19.5,19.666666666666668,7118.95,1,19.5
SKU039,2025-12-01,23,163735.85,14.0,2025,12,4,49,13.0,18.0,18.0,17.0,20.0,14.0,18.25,17.875,19.333333333333332,7118.95,0,18.25
SKU039,2025-12-08,15,106784.25,17.0,2025,12,4,50,23.0,13.0,24.0,16.0,18.0,17.0,19.5,18.625,19.583333333333332,7118.95,0,19.5
SKU039,2025-12-15,12,85427.4,13.0,2025,12,4,51,15.0,23.0,18.0,19.0,25.0,13.0,17.25,18.5,19.333333333333332,7118.95,0,17.25
SKU039,2025-12-22,21,149497.94999999998,16.0,2025,12,4,52,12.0,15.0,13.0,18.0,26.0,16.0,15.75,17.625,18.25,7118.95,0,15.75
SKU039,2025-12-29,12,85427.4,13.0,2025,12,4,1,21.0,12.0,23.0,18.0,17.0,13.0,17.75,18.0,17.833333333333332,7118.95,0,17.75
SKU040,2025-11-10,98,240154.88,101.0,2025,11,4,46,89.0,103.0,81.0,109.0,110.0,101.0,91.0,89.75,94.83333333333333,2450.56,1,91.0
SKU040,2025-11-17,86,210748.16,92.0,2025,11,4,47,98.0,89.0,91.0,87.0,99.0,92.0,95.25,88.375,93.83333333333333,2450.56,1,95.25
SKU040,2025-11-24,76,186242.56,92.0,2025,11,4,48,86.0,98.0,103.0,76.0,105.0,92.0,94.0,88.25,92.75,2450.56,1,94.0
SKU040,2025-12-01,103,252407.68,97.0,2025,12,4,49,76.0,86.0,89.0,82.0,106.0,97.0,87.25,88.25,90.33333333333333,2450.56,0,87.25
SKU040,2025-12-08,101,247506.56,90.0,2025,12,4,50,103.0,76.0,98.0,81.0,109.0,90.0,90.75,90.875,90.08333333333333,2450.56,0,90.75
SKU040,2025-12-15,93,227902.08,99.0,2025,12,4,51,101.0,103.0,86.0,91.0,87.0,99.0,91.5,93.375,89.41666666666667,2450.56,0,91.5
SKU040,2025-12-22,76,186242.56,103.0,2025,12,4,52,93.0,101.0,76.0,103.0,76.0,103.0,93.25,93.625,89.91666666666667,2450.56,0,93.25
SKU040,2025-12-29,32,78417.92,101.0,2025,12,4,1,76.0,93.0,103.0,89.0,82.0,101.0,93.25,90.25,89.91666666666667,2450.56,0,93.25
SKU041,2025-11-10,65,671887.45,65.0,2025,11,4,46,79.0,67.0,62.0,66.0,66.0,65.0,65.0,63.625,65.41666666666667,10336.73,1,65.0
SKU041,2025-11-17,52,537509.96,62.0,2025,11,4,47,65.0,79.0,52.0,62.0,80.0,62.0,65.75,63.5,65.33333333333333,10336.73,1,65.75
SKU041,2025-11-24,83,857948.59,66.0,2025,11,4,48,52.0,65.0,67.0,67.0,72.0,66.0,65.75,62.25,63.0,10336.73,1,65.75
SKU041,2025-12-01,78,806264.94,75.0,2025,12,4,49,83.0,52.0,79.0,54.0,58.0,75.0,69.75,64.25,63.916666666666664,10336.73,0,69.75
SKU041,2025-12-08,66,682224.18,54.0,2025,12,4,50,78.0,83.0,65.0,62.0,66.0,54.0,69.5,67.25,65.58333333333333,10336.73,0,69.5
SKU041,2025-12-15,71,733907.8300000001,79.0,2025,12,4,51,66.0,78.0,52.0,52.0,62.0,79.0,69.75,67.75,65.58333333333333,10336.73,0,69.75
SKU041,2025-12-22,70,723571.1,80.0,2025,12,4,52,71.0,66.0,83.0,67.0,67.0,80.0,74.5,70.125,66.33333333333333,10336.73,0,74.5
SKU041,2025-12-29,25,258418.25,74.0,2025,12,4,1,70.0,71.0,78.0,79.0,54.0,74.0,71.25,70.5,66.58333333333333,10336.73,0,71.25
SKU042,2025-11-10,132,1214245.56,148.0,2025,11,4,46,141.0,134.0,138.0,169.0,154.0,148.0,132.5,136.375,141.83333333333334,9198.83,1,132.5
SKU042,2025-11-17,124,1140654.92,138.0,2025,11,4,47,132.0,141.0,117.0,123.0,162.0,138.0,131.0,131.75,140.0,9198.83,1,131.0
SKU042,2025-11-24,142,1306233.86,133.0,2025,11,4,48,124.0,132.0,134.0,132.0,146.0,133.0,132.75,131.875,136.83333333333334,9198.83,1,132.75
SKU042,2025-12-01,156,1435017.48,159.0,2025,12,4,49,142.0,124.0,141.0,137.0,149.0,159.0,134.75,133.125,136.5,9198.83,0,134.75
SKU042,2025-12-08,125,1149853.75,132.0,2025,12,4,50,156.0,142.0,132.0,138.0,169.0,132.0,138.5,135.5,137.08333333333334,9198.83,0,138.5
SKU042,2025-12-15,173,1591397.59,122.0,2025,12,4,51,125.0,156.0,124.0,117.0,123.0,122.0,136.75,133.875,133.41666666666666,9198.83,0,136.75
SKU042,2025-12-22,148,1361426.84,158.0,2025,12,4,52,173.0,125.0,142.0,134.0,132.0,158.0,149.0,140.875,137.58333333333334,9198.83,0,149.0
SKU042,2025-12-29,57,524333.3099999999,157.0,2025,12,4,1,148.0,173.0,156.0,141.0,137.0,157.0,150.5,142.625,138.91666666666666,9198.83,0,150.5
SKU043,2025-11-10,145,1268136.65,140.0,2025,11,4,46,148.0,147.0,123.0,143.0,130.0,140.0,133.75,129.875,132.0,8745.77,1,133.75
SKU043,2025-11-17,144,1259390.88,142.0,2025,11,4,47,145.0,148.0,117.0,121.0,139.0,142.0,139.25,130.125,133.25,8745.77,1,139.25
SKU043,2025-11-24,113,988272.01,127.0,2025,11,4,48,144.0,145.0,147.0,115.0,133.0,127.0,146.0,133.0,133.66666666666666,8745.77,1,146.0
SKU043,2025-12-01,127,1110712.79,147.0,2025,12,4,49,113.0,144.0,148.0,125.0,143.0,147.0,137.5,132.75,132.0,8745.77,0,137.5
SKU043,2025-12-08,142,1241899.34,133.0,2025,12,4,50,127.0,113.0,145.0,123.0,143.0,133.0,132.25,133.0,130.66666666666666,8745.77,0,132.25
SKU043,2025-12-15,132,1154441.64,133.0,2025,12,4,51,142.0,127.0,144.0,117.0,121.0,133.0,131.5,135.375,130.58333333333334,8745.77,0,131.5
SKU043,2025-12-22,126,1101967.02,131.0,2025,12,4,52,132.0,142.0,113.0,147.0,115.0,131.0,128.5,137.25,131.5,8745.77,0,128.5
SKU043,2025-12-29,75,655932.75,169.0,2025,12,4,1,126.0,132.0,127.0,148.0,125.0,169.0,131.75,134.625,132.41666666666666,8745.77,0,131.75
SKU044,2025-11-10,53,286850.84,54.0,2025,11,4,46,58.0,60.0,56.0,47.0,70.0,54.0,56.75,54.875,56.416666666666664,5412.28,1,56.75
SKU044,2025-11-17,46,248964.88,44.0,2025,11,4,47,53.0,58.0,53.0,66.0,51.0,44.0,56.0,55.625,55.0,5412.28,1,56.0
SKU044,2025-11-24,57,308499.96,59.0,2025,11,4,48,46.0,53.0,60.0,50.0,56.0,59.0,54.25,53.125,54.583333333333336,5412.28,1,54.25
SKU044,2025-12-01,52,281438.56,50.0,2025,12,4,49,57.0,46.0,58.0,49.0,61.0,50.0,53.5,54.0,54.666666666666664,5412.28,0,53.5
SKU044,2025-12-08,57,308499.96,54.0,2025,12,4,50,52.0,57.0,53.0,56.0,47.0,54.0,52.0,54.375,53.916666666666664,5412.28,0,52.0
SKU044,2025-12-15,61,330149.08,52.0,2025,12,4,51,57.0,52.0,46.0,53.0,66.0,52.0,53.0,54.5,54.75,5412.28,0,53.0
SKU044,2025-12-22,61,330149.08,60.0,2025,12,4,52,61.0,57.0,57.0,60.0,50.0,60.0,56.75,55.5,54.333333333333336,5412.28,0,56.75
SKU044,2025-12-29,19,102833.32,63.0,2025,12,4,1,61.0,61.0,52.0,58.0,49.0,63.0,57.75,55.625,55.25,5412.28,0,57.75
SKU045,2025-11-10,150,1151517.0,170.0,2025,11,4,46,154.0,143.0,120.0,147.0,159.0,170.0,140.0,141.75,147.08333333333334,7676.78,1,140.0
SKU045,2025-11-17,155,1189900.9,162.0,2025,11,4,47,150.0,154.0,143.0,162.0,138.0,162.0,147.5,142.125,146.33333333333334,7676.78,1,147.5
SKU045,2025-11-24,164,1258991.92,161.0,2025,11,4,48,155.0,150.0,143.0,142.0,163.0,161.0,150.5,141.25,147.75,7676.78,1,150.5
SKU045,2025-12-01,166,1274345.48,151.0,2025,12,4,49,164.0,155.0,154.0,123.0,171.0,151.0,155.75,144.0,147.83333333333334,7676.78,0,155.75
SKU045,2025-12-08,152,1166870.56,149.0,2025,12,4,50,166.0,164.0,150.0,120.0,147.0,149.0,158.75,149.375,147.41666666666666,7676.78,0,158.75
SKU045,2025-12-15,123,944243.94,159.0,2025,12,4,51,152.0,166.0,155.0,143.0,162.0,159.0,159.25,153.375,147.83333333333334,7676.78,0,159.25
SKU045,2025-12-22,157,1205254.46,190.0,2025,12,4,52,123.0,152.0,164.0,143.0,142.0,190.0,151.25,150.875,144.58333333333334,7676.78,0,151.25
SKU045,2025-12-29,59,452930.02,162.0,2025,12,4,1,157.0,123.0,166.0,154.0,123.0,162.0,149.5,152.625,145.83333333333334,7676.78,0,149.5
SKU046,2025-11-10,56,401830.24,69.0,2025,11,4,46,49.0,64.0,40.0,61.0,54.0,69.0,50.75,55.75,55.583333333333336,7175.54,1,50.75
SKU046,2025-11-17,53,380303.62,60.0,2025,11,4,47,56.0,49.0,50.0,73.0,58.0,60.0,54.75,55.125,55.75,7175.54,1,54.75
SKU046,2025-11-24,52,373128.08,48.0,2025,11,4,48,53.0,56.0,64.0,62.0,53.0,48.0,55.5,52.625,55.333333333333336,7175.54,1,55.5
SKU046,2025-12-01,56,401830.24,51.0,2025,12,4,49,52.0,53.0,49.0,47.0,56.0,51.0,52.5,51.375,55.25,7175.54,0,52.5
SKU046,2025-12-08,66,473585.64,63.0,2025,12,4,50,56.0,52.0,56.0,40.0,61.0,63.0,54.25,52.5,55.25,7175.54,0,54.25
SKU046,2025-12-15,57,409005.78,59.0,2025,12,4,51,66.0,56.0,53.0,50.0,73.0,59.0,56.75,55.75,55.666666666666664,7175.54,0,56.75
SKU046,2025-12-22,58,416181.32,66.0,2025,12,4,52,57.0,66.0,52.0,64.0,62.0,66.0,57.75,56.625,54.333333333333336,7175.54,0,57.75
SKU046,2025-12-29,17,121984.18,56.0,2025,12,4,1,58.0,57.0,56.0,49.0,47.0,56.0,59.25,55.875,54.0,7175.54,0,59.25
SKU047,2025-11-10,101,801760.22,82.0,2025,11,4,46,102.0,101.0,76.0,87.0,86.0,82.0,88.5,86.625,87.66666666666667,7938.22,1,88.5
SKU047,2025-11-17,81,642995.82,85.0,2025,11,4,47,101.0,102.0,75.0,94.0,92.0,85.0,94.75,88.375,88.91666666666667,7938.22,1,94.75
SKU047,2025-11-24,90,714439.8,78.0,2025,11,4,48,81.0,101.0,101.0,77.0,103.0,78.0,96.25,86.75,88.0,7938.22,1,96.25
SKU047,2025-12-01,108,857327.76,78.0,2025,12,4,49,90.0,81.0,102.0,81.0,78.0,78.0,93.5,88.375,86.91666666666667,7938.22,0,93.5
SKU047,2025-12-08,86,682686.92,85.0,2025,12,4,50,108.0,90.0,101.0,76.0,87.0,85.0,95.0,91.75,89.41666666666667,7938.22,0,95.0
SKU047,2025-12-15,100,793822.0,92.0,2025,12,4,51,86.0,108.0,81.0,75.0,94.0,92.0,91.25,93.0,89.33333333333333,7938.22,0,91.25
SKU047,2025-12-22,88,698563.36,82.0,2025,12,4,52,100.0,86.0,90.0,101.0,77.0,82.0,96.0,96.125,89.83333333333333,7938.22,0,96.0
SKU047,2025-12-29,41,325467.02,114.0,2025,12,4,1,88.0,100.0,108.0,102.0,81.0,114.0,95.5,94.5,90.75,7938.22,0,95.5
SKU048,2025-11-10,47,64838.850000000006,57.0,2025,11,4,46,63.0,61.0,59.0,54.0,45.0,57.0,53.5,51.875,52.916666666666664,1379.55,1,53.5
SKU048,2025-11-17,63,86911.65,55.0,2025,11,4,47,47.0,63.0,31.0,50.0,60.0,55.0,50.5,51.0,53.083333333333336,1379.55,1,50.5
SKU048,2025-11-24,36,49663.8,56.0,2025,11,4,48,63.0,47.0,61.0,46.0,57.0,56.0,58.5,52.625,53.333333333333336,1379.55,1,58.5
SKU048,2025-12-01,57,78634.34999999999,50.0,2025,12,4,49,36.0,63.0,63.0,51.0,58.0,50.0,52.25,51.375,51.583333333333336,1379.55,0,52.25
SKU048,2025-12-08,55,75875.25,55.0,2025,12,4,50,57.0,36.0,47.0,59.0,54.0,55.0,50.75,52.125,51.5,1379.55,0,50.75
SKU048,2025-12-15,58,80013.9,41.0,2025,12,4,51,55.0,57.0,63.0,31.0,50.0,41.0,52.75,51.625,51.583333333333336,1379.55,0,52.75
SKU048,2025-12-22,40,55182.0,62.0,2025,12,4,52,58.0,55.0,36.0,61.0,46.0,62.0,51.5,55.0,52.25,1379.55,0,51.5
SKU048,2025-12-29,21,28970.550000000003,52.0,2025,12,4,1,40.0,58.0,57.0,63.0,51.0,52.0,52.5,52.375,51.75,1379.55,0,52.5
SKU049,2025-11-10,160,835739.2,141.0,2025,11,4,46,152.0,150.0,152.0,158.0,145.0,141.0,148.0,149.625,151.66666666666666,5223.37,1,148.0
SKU049,2025-11-17,139,726048.4299999999,136.0,2025,11,4,47,160.0,152.0,138.0,168.0,159.0,136.0,150.0,149.875,152.91666666666666,5223.37,1,150.0
SKU049,2025-11-24,159,830515.8300000001,145.0,2025,11,4,48,139.0,160.0,150.0,142.0,152.0,145.0,150.25,146.25,151.25,5223.37,1,150.25
SKU049,2025-12-01,167,872302.79,149.0,2025,12,4,49,159.0,139.0,152.0,137.0,167.0,149.0,152.5,148.375,151.83333333333334,5223.37,0,152.5
SKU049,2025-12-08,171,893196.27,150.0,2025,12,4,50,167.0,159.0,160.0,152.0,158.0,150.0,156.25,152.125,151.83333333333334,5223.37,0,156.25
SKU049,2025-12-15,147,767835.39,161.0,2025,12,4,51,171.0,167.0,139.0,138.0,168.0,161.0,159.0,154.5,152.91666666666666,5223.37,0,159.0
SKU049,2025-12-22,166,867079.4199999999,135.0,2025,12,4,52,147.0,171.0,159.0,150.0,142.0,135.0,161.0,155.625,151.16666666666666,5223.37,0,161.0
SKU049,2025-12-29,47,245498.39,198.0,2025,12,4,1,166.0,147.0,167.0,152.0,137.0,198.0,162.75,157.625,153.16666666666666,5223.37,0,162.75
SKU050,2025-11-10,40,35308.8,48.0,2025,11,4,46,46.0,32.0,31.0,30.0,35.0,48.0,35.0,35.25,34.416666666666664,882.72,1,35.0
SKU050,2025-11-17,41,36191.52,39.0,2025,11,4,47,40.0,46.0,31.0,38.0,34.0,39.0,37.25,36.5,34.833333333333336,882.72,1,37.25
SKU050,2025-11-24,30,26481.6,37.0,2025,11,4,48,41.0,40.0,32.0,35.0,29.0,37.0,39.75,36.875,35.416666666666664,882.72,1,39.75
SKU050,2025-12-01,40,35308.8,33.0,2025,12,4,49,30.0,41.0,46.0,39.0,33.0,33.0,39.25,36.25,35.5,882.72,0,39.25
SKU050,2025-12-08,34,30012.48,37.0,2025,12,4,50,40.0,30.0,40.0,31.0,30.0,37.0,37.75,36.375,36.083333333333336,882.72,0,37.75
SKU050,2025-12-15,34,30012.48,32.0,2025,12,4,51,34.0,40.0,41.0,31.0,38.0,32.0,36.25,36.75,36.416666666666664,882.72,0,36.25
SKU050,2025-12-22,49,43253.28,54.0,2025,12,4,52,34.0,34.0,30.0,32.0,35.0,54.0,34.5,37.125,36.083333333333336,882.72,0,34.5
SKU050,2025-12-29,27,23833.44,47.0,2025,12,4,1,49.0,34.0,40.0,46.0,39.0,47.0,39.25,39.25,37.25,882.7199999999999,0,39.25
